batter,Total_Runs,Total_Balls,Fours,Sixes,Innings,Strike_Rate,Avg_per_Match
SK Raina,3993.0,2970,345,158,139,134.44,28.73
RG Sharma,3813.0,2958,318,159,135,128.9,28.24
V Kohli,3730.0,3018,330,128,126,123.59,29.6
G Gambhir,3531.0,2942,411,50,125,120.02,28.25
RV Uthappa,3323.0,2669,332,103,125,124.5,26.58
CH Gayle,3243.0,2235,267,232,86,145.1,37.71
MS Dhoni,3199.0,2361,232,135,126,135.49,25.39
DA Warner,3040.0,2199,302,125,94,138.24,32.34
AB de Villiers,3021.0,2095,257,124,104,144.2,29.05
S Dhawan,2958.0,2521,333,58,106,117.33,27.91
V Sehwag,2728.0,1833,334,106,104,148.83,26.23
YK Pathan,2646.0,1843,221,137,117,143.57,22.62
AM Rahane,2612.0,2217,276,50,86,117.82,30.37
SR Watson,2530.0,1833,252,119,86,138.03,29.42
KD Karthik,2473.0,2025,248,59,116,122.12,21.32
M Vijay,2430.0,2031,231,85,96,119.65,25.31
JH Kallis,2427.0,2291,255,44,95,105.94,25.55
BB McCullum,2337.0,1872,233,104,87,124.84,26.86
SR Tendulkar,2334.0,2044,296,29,78,114.19,29.92
AT Rayudu,2312.0,1879,197,75,99,123.04,23.35
SE Marsh,2225.0,1715,233,73,61,129.74,36.48
Yuvraj Singh,2178.0,1746,157,125,99,124.74,22.0
R Dravid,2174.0,1918,269,28,82,113.35,26.51
AC Gilchrist,2069.0,1555,239,92,80,133.05,25.86
DR Smith,2028.0,1571,203,101,72,129.09,28.17
MEK Hussey,1977.0,1648,198,52,58,119.96,34.09
JP Duminy,1953.0,1596,120,78,70,122.37,27.9
KA Pollard,1946.0,1363,131,124,94,142.77,20.7
PA Patel,1927.0,1752,248,27,100,109.99,19.27
DPMD Jayawardene,1808.0,1522,200,40,78,118.79,23.18
KC Sangakkara,1687.0,1424,195,27,68,118.47,24.81
MK Pandey,1677.0,1474,159,47,78,113.77,21.5
RA Jadeja,1499.0,1269,104,52,93,118.12,16.12
DA Miller,1450.0,1031,97,73,57,140.64,25.44
S Badrinath,1441.0,1245,154,28,65,115.74,22.17
NV Ojha,1419.0,1224,117,74,83,115.93,17.1
BJ Hodge,1400.0,1153,122,43,63,121.42,22.22
SC Ganguly,1349.0,1326,137,42,56,101.73,24.09
MK Tiwary,1324.0,1202,121,28,66,110.15,20.06
DJ Hussey,1322.0,1101,90,60,61,120.07,21.67
F du Plessis,1287.0,1036,109,38,45,124.23,28.6
WP Saha,1269.0,988,102,49,64,128.44,19.83
SPD Smith,1241.0,933,113,33,47,133.01,26.4
DJ Bravo,1233.0,1012,97,48,78,121.84,15.81
SS Tiwary,1194.0,1037,82,44,61,115.14,19.57
AJ Finch,1187.0,972,133,35,46,122.12,25.8
TM Dilshan,1153.0,1047,140,24,50,110.12,23.06
IK Pathan,1139.0,970,88,38,79,117.42,14.42
ML Hayden,1107.0,839,121,44,32,131.94,34.59
LRPL Taylor,1017.0,847,66,46,54,120.07,18.83
SV Samson,1004.0,850,79,37,44,118.12,22.82
KP Pietersen,1001.0,758,91,40,36,132.06,27.81
Y Venugopal Rao,985.0,865,77,37,52,113.87,18.94
JA Morkel,975.0,712,61,55,67,136.94,14.55
A Symonds,974.0,781,74,41,36,124.71,27.06
CL White,971.0,774,76,38,45,125.45,21.58
LMP Simmons,942.0,762,99,36,22,123.62,42.82
Mandeep Singh,924.0,760,113,14,48,121.58,19.25
GJ Maxwell,919.0,594,76,56,42,154.71,21.88
HH Gibbs,886.0,837,83,31,36,105.85,24.61
MS Bisla,798.0,737,93,23,39,108.28,20.46
Harbhajan Singh,780.0,568,76,40,74,137.32,10.54
MA Agarwal,780.0,658,79,32,44,118.54,17.73
EJG Morgan,775.0,653,66,31,40,118.68,19.38
ST Jayasuriya,768.0,573,84,39,30,134.03,25.6
GC Smith,739.0,691,94,9,29,106.95,25.48
KK Nair,734.0,578,82,16,33,126.99,22.24
M Vohra,728.0,580,72,26,32,125.52,22.75
AD Mathews,692.0,571,42,28,39,121.19,17.74
TL Suman,676.0,587,55,26,39,115.16,17.33
AM Nayar,672.0,588,55,20,50,114.29,13.44
KL Rahul,660.0,552,53,23,26,119.57,25.38
STR Binny,642.0,507,49,24,46,126.63,13.96
KM Jadhav,626.0,490,47,23,44,127.76,14.23
Q de Kock,622.0,464,81,18,22,134.05,28.27
MC Henriques,617.0,508,53,21,34,121.46,18.15
GJ Bailey,613.0,495,53,18,33,123.84,18.58
JD Ryder,604.0,466,69,19,29,129.61,20.83
AD Russell,535.0,330,46,34,24,162.12,22.29
RS Bopara,531.0,468,39,16,22,113.46,24.14
M Manhas,514.0,486,43,10,38,105.76,13.53
OA Shah,506.0,405,34,23,22,124.94,23.0
PC Valthaty,505.0,432,61,20,23,116.9,21.96
PP Chawla,502.0,445,48,15,63,112.81,7.97
JP Faulkner,473.0,346,32,23,39,136.71,12.13
Shakib Al Hasan,471.0,370,43,14,28,127.3,16.82
SS Iyer,461.0,396,42,22,19,116.41,24.26
SA Yadav,452.0,353,42,16,31,128.05,14.58
SA Asnodkar,423.0,352,56,10,19,120.17,22.26
JR Hopes,417.0,314,49,11,19,132.8,21.95
J Botha,409.0,364,39,5,28,112.36,14.61
LR Shukla,405.0,358,33,16,33,113.13,12.27
AL Menaria,401.0,367,24,18,23,109.26,17.43
MV Boucher,394.0,318,32,13,23,123.9,17.13
CA Pujara,390.0,403,50,4,22,96.77,17.73
Azhar Mahmood,388.0,311,39,13,21,124.76,18.48
NLTC Perera,388.0,301,21,24,28,128.9,13.86
CJ Anderson,379.0,284,32,21,15,133.45,25.27
DB Ravi Teja,375.0,325,35,9,25,115.38,15.0
S Sohal,368.0,311,34,18,20,118.33,18.4
AR Patel,365.0,308,22,16,27,118.51,13.52
DT Christian,341.0,299,17,13,22,114.05,15.5
P Kumar,330.0,307,22,17,53,107.49,6.23
JEC Franklin,327.0,309,25,9,16,105.83,20.44
R Bhatia,326.0,273,24,12,46,119.41,7.09
RN ten Doeschate,326.0,238,26,15,21,136.97,15.52
AP Tare,321.0,260,37,11,24,123.46,13.38
DB Das,304.0,267,23,16,22,113.86,13.82
R Vinay Kumar,303.0,284,20,9,40,106.69,7.58
LA Pomersbach,302.0,251,25,13,16,120.32,18.88
UBT Chand,300.0,314,32,9,20,95.54,15.0
DJG Sammy,295.0,251,15,18,20,117.53,14.75
A Mishra,290.0,321,25,3,42,90.34,6.9
Y Nagar,285.0,271,20,9,20,105.17,14.25
VVS Laxman,282.0,271,33,5,20,104.06,14.1
GH Vihari,280.0,323,23,1,21,86.69,13.33
A Ashish Reddy,280.0,196,16,15,23,142.86,12.17
B Chipli,280.0,256,28,7,21,109.38,13.33
MJ Lumb,278.0,198,45,6,12,140.4,23.17
R Sathish,262.0,227,22,6,23,115.42,11.39
KV Sharma,260.0,229,13,12,27,113.54,9.63
M Kaif,259.0,258,22,6,22,100.39,11.77
Gurkeerat Singh,246.0,212,27,6,21,116.04,11.71
SP Goswami,241.0,260,26,2,16,92.69,15.06
SM Katich,241.0,191,26,8,11,126.18,21.91
MD Mishra,237.0,213,24,8,17,111.27,13.94
R Ashwin,230.0,241,22,2,34,95.44,6.76
DJ Hooda,230.0,171,12,13,18,134.5,12.78
MR Marsh,225.0,201,9,14,14,111.94,16.07
K Goel,218.0,239,17,9,16,91.21,13.62
AA Jhunjhunwala,217.0,218,19,5,15,99.54,14.47
JC Buttler,204.0,148,18,10,12,137.84,17.0
P Negi,203.0,157,16,9,18,129.3,11.28
PD Collingwood,203.0,159,9,13,7,127.67,29.0
CH Morris,200.0,121,9,14,17,165.29,11.76
SK Warne,198.0,219,14,6,27,90.41,7.33
SP Fleming,196.0,171,27,3,10,114.62,19.6
AS Raut,194.0,172,13,7,16,112.79,12.12
BJ Rohrer,193.0,146,21,5,8,132.19,24.12
Salman Butt,193.0,172,30,2,7,112.21,27.57
YV Takawale,192.0,183,26,3,10,104.92,19.2
FY Fazal,183.0,179,22,1,11,102.23,16.64
AC Voges,181.0,143,15,3,7,126.57,25.86
AB Agarkar,179.0,160,13,5,18,111.87,9.94
MF Maharoof,177.0,124,12,9,14,142.74,12.64
SN Khan,177.0,103,19,6,11,171.84,16.09
DH Yagnik,170.0,142,23,2,17,119.72,10.0
CM Gautam,169.0,158,17,6,13,106.96,13.0
MN van Wyk,167.0,135,19,1,5,123.7,33.4
DW Steyn,166.0,161,14,3,32,103.11,5.19
PA Reddy,164.0,167,15,2,10,98.2,16.4
R McLaren,159.0,178,14,1,13,89.33,12.23
RE van der Merwe,159.0,144,11,8,15,110.42,10.6
HH Pandya,149.0,126,12,8,16,118.25,9.31
KS Williamson,148.0,146,15,1,7,101.37,21.14
KH Pandya,147.0,86,14,7,6,170.93,24.5
SM Pollock,147.0,116,12,8,8,126.72,18.38
MP Stoinis,146.0,111,13,4,5,131.53,29.2
S Vidyut,145.0,115,21,3,8,126.09,18.12
R Dhawan,142.0,131,13,3,15,108.4,9.47
N Saini,140.0,143,16,0,10,97.9,14.0
RR Pant,138.0,100,14,5,6,138.0,23.0
S Anirudha,136.0,121,9,7,12,112.4,11.33
B Kumar,134.0,142,12,3,27,94.37,4.96
MN Samuels,132.0,142,8,5,10,92.96,13.2
MG Johnson,131.0,140,7,6,24,93.57,5.46
SB Styris,131.0,134,10,3,10,97.76,13.1
W Jaffer,130.0,129,14,3,8,100.78,16.25
Kamran Akmal,128.0,78,13,8,6,164.1,21.33
D Wiese,127.0,94,12,4,8,135.11,15.88
P Dogra,127.0,141,4,5,12,90.07,10.58
MC Juneja,125.0,134,11,1,7,93.28,17.86
BB Samantray,125.0,116,13,2,8,107.76,15.62
M Morkel,125.0,92,11,5,19,135.87,6.58
B Lee,124.0,102,8,8,19,121.57,6.53
AB McDonald,123.0,103,9,4,9,119.42,13.67
NK Patel,121.0,124,14,1,6,97.58,20.17
DL Vettori,121.0,118,11,2,16,102.54,7.56
AC Blizzard,120.0,91,21,2,7,131.87,17.14
RJ Harris,117.0,112,6,3,21,104.46,5.57
Misbah-ul-Haq,117.0,82,10,6,8,142.68,14.62
KK Cooper,116.0,70,9,8,12,165.71,9.67
M Kartik,113.0,109,7,1,14,103.67,8.07
Z Khan,111.0,124,11,2,23,89.52,4.83
DJ Harris,111.0,103,11,5,4,107.77,27.75
Bipul Sharma,110.0,79,8,3,11,139.24,10.0
JDP Oram,106.0,110,6,5,11,96.36,9.64
LJ Wright,106.0,63,16,3,5,168.25,21.2
Sachin Baby,104.0,76,8,4,5,136.84,20.8
RJ Quiney,103.0,105,12,3,7,98.1,14.71
SD Chitnis,99.0,92,10,2,8,107.61,12.38
MS Gony,99.0,76,6,8,15,130.26,6.6
MJ Clarke,98.0,96,12,0,6,102.08,16.33
CJ Ferguson,98.0,119,9,0,8,82.35,12.25
MA Starc,96.0,98,10,0,11,97.96,8.73
DJ Jacobs,92.0,101,10,4,7,91.09,13.14
PR Shah,92.0,97,9,2,9,94.85,10.22
RT Ponting,91.0,129,5,2,9,70.54,10.11
S Rana,91.0,82,9,1,8,110.98,11.38
CA Lynn,89.0,85,6,4,5,104.71,17.8
AP Majumdar,87.0,77,7,2,4,112.99,21.75
SW Billings,84.0,60,4,4,3,140.0,28.0
UT Yadav,84.0,82,8,3,19,102.44,4.42
RE Levi,83.0,74,10,4,6,112.16,13.83
LA Carseldine,81.0,71,11,0,5,114.08,16.2
WPUJC Vaas,81.0,73,2,3,11,110.96,7.36
Shahid Afridi,81.0,46,7,6,9,176.09,9.0
SL Malinga,81.0,100,6,4,18,81.0,4.5
AD Mascarenhas,79.0,79,5,1,11,100.0,7.18
B Akhil,76.0,57,5,5,11,133.33,6.91
TR Birt,75.0,59,9,2,5,127.12,15.0
DS Kulkarni,74.0,90,4,2,12,82.22,6.17
M Klinger,73.0,78,9,0,4,93.59,18.25
RR Sarwan,73.0,78,6,1,4,93.59,18.25
CR Brathwaite,72.0,30,4,8,4,240.0,18.0
AA Bilakhia,69.0,88,5,0,7,78.41,9.86
RR Powar,67.0,64,6,1,9,104.69,7.44
R Sharma,66.0,77,5,3,19,85.71,3.47
Mohammad Hafeez,64.0,84,7,2,8,76.19,8.0
Anirudh Singh,63.0,69,6,1,4,91.3,15.75
WD Parnell,63.0,80,4,1,12,78.75,5.25
A Flintoff,62.0,57,5,2,3,108.77,20.67
Ankit Sharma,62.0,53,5,3,9,116.98,6.89
UT Khawaja,57.0,41,6,2,3,139.02,19.0
WA Mota,56.0,76,2,0,8,73.68,7.0
M Rawat,55.0,70,4,1,11,78.57,5.0
TM Head,54.0,42,3,2,3,128.57,18.0
A Chopra,53.0,75,7,0,6,70.67,8.83
RR Rossouw,53.0,51,3,3,5,103.92,10.6
RP Singh,52.0,78,2,1,28,66.67,1.86
Shoaib Malik,52.0,49,5,0,5,106.12,10.4
R Rampaul,51.0,52,3,2,7,98.08,7.29
KB Arun Karthik,51.0,53,4,1,8,96.23,6.38
RV Gomez,50.0,53,5,1,9,94.34,5.56
AG Paunikar,49.0,61,9,0,5,80.33,9.8
AS Yadav,49.0,40,5,2,6,122.5,8.17
SB Bangar,49.0,58,1,3,7,84.48,7.0
J Suchith,48.0,33,4,2,5,145.45,9.6
TG Southee,47.0,33,3,2,7,142.42,6.71
MJ McClenaghan,47.0,29,2,5,7,162.07,6.71
MM Sharma,47.0,41,2,3,12,114.63,3.92
Yashpal Singh,47.0,67,5,0,4,70.15,11.75
HV Patel,47.0,38,2,3,12,123.68,3.92
Iqbal Abdulla,46.0,52,5,0,10,88.46,4.6
SP Narine,44.0,48,2,2,14,91.67,3.14
Sunny Singh,43.0,31,6,1,5,138.71,8.6
IR Jaggi,43.0,60,3,0,5,71.67,8.6
VR Aaron,42.0,45,2,2,7,93.33,6.0
SK Trivedi,42.0,61,3,1,14,68.85,3.0
AB Barath,42.0,43,5,1,3,97.67,14.0
JDS Neesham,42.0,46,3,1,3,91.3,14.0
Ishan Kishan,42.0,41,5,0,5,102.44,8.4
A Nehra,41.0,63,3,1,17,65.08,2.41
LPC Silva,40.0,27,5,1,3,148.15,13.33
BR Dunk,40.0,36,7,0,3,111.11,13.33
MM Patel,39.0,40,5,0,11,97.5,3.55
DJ Thornely,39.0,54,2,2,4,72.22,9.75
Umar Gul,39.0,19,1,5,4,205.26,9.75
AUK Pathan,39.0,26,5,2,7,150.0,5.57
S Narwal,37.0,29,6,0,4,127.59,9.25
I Sharma,37.0,46,2,1,14,80.43,2.64
NM Coulter-Nile,36.0,37,3,2,7,97.3,5.14
AN Ahmed,36.0,27,4,1,6,133.33,6.0
KW Richardson,36.0,39,2,1,4,92.31,9.0
Sohail Tanvir,36.0,31,3,1,5,116.13,7.2
Joginder Sharma,36.0,30,1,2,5,120.0,7.2
L Balaji,36.0,50,2,1,13,72.0,2.77
B Sumanth,35.0,38,3,0,4,92.11,8.75
A Kumble,35.0,49,3,0,15,71.43,2.33
A Mithun,34.0,26,4,1,6,130.77,5.67
N Rana,34.0,40,0,4,2,85.0,17.0
L Ronchi,34.0,37,6,1,5,91.89,6.8
AP Dole,34.0,23,3,1,2,147.83,17.0
S Sreesanth,34.0,57,6,0,12,59.65,2.83
D Salunkhe,33.0,24,5,0,3,137.5,11.0
RJ Peterson,32.0,32,3,1,5,100.0,6.4
S Sriram,31.0,38,3,0,2,81.58,15.5
T Taibu,31.0,26,3,0,3,119.23,10.33
VH Zol,29.0,26,3,1,2,111.54,14.5
J Syed Mohammad,29.0,27,4,0,5,107.41,5.8
SB Jakati,27.0,28,3,0,4,96.43,6.75
S Aravind,27.0,19,5,0,4,142.11,6.75
JM Kemp,26.0,25,1,1,2,104.0,13.0
NL McCullum,26.0,23,0,1,2,113.04,13.0
S Chanderpaul,25.0,33,4,0,3,75.76,8.33
MA Khote,24.0,22,2,1,3,109.09,8.0
NS Naik,23.0,33,1,0,2,69.7,11.5
J Arunkumar,23.0,24,5,0,3,95.83,7.67
S Nadeem,23.0,57,1,0,12,40.35,1.92
BMAJ Mendis,23.0,27,0,0,3,85.19,7.67
SW Tait,23.0,26,1,1,5,88.46,4.6
MS Wade,22.0,33,0,0,3,66.67,7.33
HM Amla,22.0,30,2,0,3,73.33,7.33
PJ Sangwan,22.0,32,1,0,9,68.75,2.44
GB Hogg,22.0,22,1,0,4,100.0,5.5
DE Bollinger,21.0,23,1,1,4,91.3,5.25
CA Ingram,21.0,26,2,0,3,80.77,7.0
NJ Maddinson,20.0,21,4,0,3,95.24,6.67
RR Raje,20.0,18,1,1,5,111.11,4.0
Harpreet Singh,20.0,26,0,0,3,76.92,6.67
AC Thomas,20.0,19,1,1,4,105.26,5.0
M Muralitharan,20.0,30,1,0,9,66.67,2.22
Y Gnaneswara Rao,19.0,18,3,0,1,105.56,19.0
A Mukund,19.0,23,1,0,2,82.61,9.5
AB Dinda,19.0,42,1,0,15,45.24,1.27
DR Martyn,19.0,26,1,0,1,73.08,19.0
R Shukla,19.0,23,2,0,4,82.61,4.75
R Bishnoi,19.0,17,1,2,3,111.76,6.33
P Sahu,19.0,13,1,1,2,146.15,9.5
DS Lehmann,18.0,19,3,0,2,94.74,9.0
BJ Haddin,18.0,11,2,1,1,163.64,18.0
Anureet Singh,18.0,31,0,1,6,58.06,3.0
JJ van der Wath,18.0,17,1,1,3,105.88,6.0
Harmeet Singh,18.0,12,3,0,4,150.0,4.5
AD Nath,17.0,21,1,0,2,80.95,8.5
Parvez Rasool,17.0,20,1,0,4,85.0,4.25
JO Holder,16.0,13,2,1,2,123.08,8.0
R Tewatia,16.0,13,0,1,1,123.08,16.0
PP Ojha,16.0,45,0,0,19,35.56,0.84
CK Kapugedera,16.0,24,0,0,3,66.67,5.33
VY Mahesh,15.0,28,0,0,5,53.57,3.0
C Madan,15.0,21,3,0,1,71.43,15.0
SA Abbott,15.0,13,1,1,2,115.38,7.5
GR Napier,15.0,16,1,0,1,93.75,15.0
S Gopal,14.0,27,1,0,3,51.85,4.67
MDKJ Perera,14.0,13,3,0,2,107.69,7.0
Sandeep Sharma,14.0,24,1,0,8,58.33,1.75
Imran Tahir,13.0,16,2,0,4,81.25,3.25
DT Patil,13.0,13,1,0,2,100.0,6.5
DAJ Bracewell,12.0,9,1,0,1,133.33,12.0
Karanveer Singh,12.0,17,1,0,4,70.59,3.0
KJ Abbott,12.0,6,0,1,1,200.0,12.0
T Thushara,12.0,19,0,0,4,63.16,3.0
AA Chavan,12.0,11,2,0,3,109.09,4.0
K Upadhyay,12.0,9,0,1,2,133.33,6.0
PV Tambe,11.0,20,0,0,5,55.0,2.2
DNT Zoysa,11.0,9,1,0,2,122.22,5.5
M Ntini,11.0,19,2,0,2,57.89,5.5
T Henderson,11.0,16,0,1,2,68.75,5.5
T Kohli,11.0,20,0,1,3,55.0,3.67
TD Paine,10.0,29,0,0,2,34.48,5.0
AG Murtaza,10.0,14,1,0,3,71.43,3.33
J Theron,10.0,13,1,0,4,76.92,2.5
KAJ Roach,10.0,9,1,0,1,111.11,10.0
Mohammed Shami,10.0,22,0,0,7,45.45,1.43
SMSM Senanayake,10.0,17,0,0,4,58.82,2.5
D du Preez,10.0,13,0,0,1,76.92,10.0
X Thalaivan Sargunam,10.0,17,0,0,1,58.82,10.0
AA Noffke,9.0,12,1,0,1,75.0,9.0
S Kaul,9.0,11,0,0,2,81.82,4.5
JJ Bumrah,9.0,15,1,0,4,60.0,2.25
SM Harwood,9.0,14,0,0,2,64.29,4.5
F Behardien,9.0,7,1,0,1,128.57,9.0
TM Srivastava,8.0,11,0,0,3,72.73,2.67
CK Langeveldt,8.0,9,0,1,2,88.89,4.0
BCJ Cutting,8.0,6,0,1,1,133.33,8.0
CJ McKay,8.0,15,0,0,1,53.33,8.0
Jaskaran Singh,8.0,11,0,0,4,72.73,2.0
VS Malik,7.0,7,1,0,2,100.0,3.5
UA Birla,7.0,15,1,0,1,46.67,7.0
SN Thakur,7.0,6,1,0,1,116.67,7.0
I Malhotra,7.0,4,1,0,1,175.0,7.0
Pankaj Singh,7.0,12,0,0,5,58.33,1.4
AN Ghosh,7.0,8,1,0,2,87.5,3.5
SB Joshi,6.0,16,0,0,2,37.5,3.0
PSP Handscomb,6.0,12,0,0,1,50.0,6.0
BA Bhatt,6.0,7,0,1,2,85.71,3.0
SS Shaikh,6.0,7,1,0,1,85.71,6.0
Shivam Sharma,5.0,3,1,0,2,166.67,2.5
P Awana,5.0,14,0,0,5,35.71,1.0
SJ Srivastava,5.0,5,0,0,4,100.0,1.25
KMDN Kulasekara,5.0,3,1,0,1,166.67,5.0
B Laughlin,4.0,9,0,0,2,44.44,2.0
DP Nannes,4.0,13,0,0,2,30.77,2.0
FH Edwards,4.0,5,0,0,2,80.0,2.0
A Uniyal,4.0,7,0,0,2,57.14,2.0
A Chandila,4.0,7,0,0,2,57.14,2.0
C Munro,4.0,6,0,0,1,66.67,4.0
RS Sodhi,4.0,2,1,0,1,200.0,4.0
VRV Singh,4.0,3,1,0,2,133.33,2.0
CRD Fernando,4.0,3,0,0,2,133.33,2.0
GD McGrath,4.0,5,1,0,2,80.0,2.0
Younis Khan,3.0,7,0,0,1,42.86,3.0
JD Unadkat,3.0,8,0,0,4,37.5,0.75
JE Taylor,3.0,4,0,0,2,75.0,1.5
Kamran Khan,3.0,5,0,0,1,60.0,3.0
Mohammad Asif,3.0,6,0,0,2,50.0,1.5
D Kalyankrishna,3.0,8,0,0,1,37.5,3.0
S Tyagi,3.0,4,0,0,1,75.0,3.0
R Ninan,3.0,6,0,0,1,50.0,3.0
BAW Mendis,3.0,6,0,0,3,50.0,1.0
A Singh,2.0,10,0,0,5,20.0,0.4
RG More,2.0,2,0,0,1,100.0,2.0
AS Rajpoot,2.0,6,0,0,1,33.33,2.0
VS Yeligati,2.0,2,0,0,1,100.0,2.0
BB Sran,2.0,2,0,0,2,100.0,1.0
YS Chahal,2.0,3,0,0,2,66.67,1.0
RS Gavaskar,2.0,8,0,0,1,25.0,2.0
Mashrafe Mortaza,2.0,2,0,0,1,100.0,2.0
Mohammad Ashraful,2.0,12,0,0,1,16.67,2.0
S Randiv,2.0,4,0,0,1,50.0,2.0
MJ Guptill,2.0,4,0,0,1,50.0,2.0
SB Wagh,2.0,3,0,0,2,66.67,1.0
H Das,2.0,5,0,0,1,40.0,2.0
Shoaib Akhtar,2.0,8,0,0,1,25.0,2.0
KP Appanna,2.0,4,0,0,3,50.0,0.67
DP Vijaykumar,1.0,1,0,0,1,100.0,1.0
PM Sarvesh Kumar,1.0,2,0,0,1,50.0,1.0
BE Hendricks,1.0,3,0,0,2,33.33,0.5
DJ Muthuswami,1.0,3,0,0,1,33.33,1.0
M de Lange,1.0,2,0,0,1,50.0,1.0
P Parameswaran,1.0,3,0,0,2,33.33,0.5
NJ Rimmington,1.0,1,0,0,1,100.0,1.0
SE Bond,1.0,2,0,0,1,50.0,1.0
KC Cariappa,1.0,3,0,0,1,33.33,1.0
J Yadav,1.0,5,0,0,1,20.0,1.0
Shoaib Ahmed,1.0,6,0,0,3,16.67,0.33
PJ Cummins,0.0,2,0,0,1,0.0,0.0
A Zampa,0.0,1,0,0,1,0.0,0.0
YA Abdulla,0.0,1,0,0,1,0.0,0.0
ND Doshi,0.0,13,0,0,1,0.0,0.0
RR Bhatkal,0.0,2,0,0,1,0.0,0.0
L Ablish,0.0,2,0,0,1,0.0,0.0
M Ashwin,0.0,1,0,0,1,0.0,0.0
S Ladda,0.0,10,0,0,2,0.0,0.0
IC Pandey,0.0,2,0,0,1,0.0,0.0
Swapnil Singh,0.0,1,0,0,1,0.0,0.0
Sunny Gupta,0.0,1,0,0,1,0.0,0.0
U Kaul,0.0,1,0,0,1,0.0,0.0
C Nanda,0.0,1,0,0,1,0.0,0.0
Abdur Razzak,0.0,2,0,0,1,0.0,0.0
V Pratap Singh,0.0,1,0,0,1,0.0,0.0
